City_ID,City,Country,Date,Lat,Lng,Max Temp,Humidity,Cloudiness,Wind Speed
0,Port Blair,IN,2020-08-25 21:40:16,11.67,92.75,81.01,80,91,8.59
1,Lebu,CL,2020-08-25 21:40:15,-37.62,-73.65,52.43,77,0,17.78
2,Kapaa,US,2020-08-25 21:37:38,22.08,-159.32,86.0,66,40,11.41
3,Qaanaaq,GL,2020-08-25 21:37:24,77.48,-69.36,36.64,88,100,8.66
4,Biak,ID,2020-08-25 21:40:17,-0.91,122.88,75.43,83,78,8.21
5,Novyy Yegorlyk,RU,2020-08-25 21:40:17,46.39,41.87,65.53,44,0,10.09
6,Cape Town,ZA,2020-08-25 21:40:17,-33.93,18.42,57.99,93,75,11.41
7,Rio Verde De Mato Grosso,BR,2020-08-25 21:40:17,-18.92,-54.84,89.67,22,35,4.52
8,Rikitea,PF,2020-08-25 21:37:32,-23.12,-134.97,69.78,73,0,6.85
9,Arraial Do Cabo,BR,2020-08-25 21:40:18,-22.97,-42.03,68.0,68,75,11.41
10,Brigantine,US,2020-08-25 21:40:18,39.41,-74.36,89.6,55,1,12.75
11,Nara,JP,2020-08-25 21:40:10,34.69,135.8,82.0,83,40,5.82
12,Rocha,UY,2020-08-25 21:40:18,-34.48,-54.33,60.28,80,100,10.25
13,Ushuaia,AR,2020-08-25 21:40:18,-54.8,-68.3,42.8,56,40,6.04
14,Ndele,CF,2020-08-25 21:40:18,8.41,20.65,70.72,97,100,4.14
15,Mataura,NZ,2020-08-25 21:40:19,-46.19,168.86,39.31,84,75,5.37
16,Bandarbeyla,SO,2020-08-25 21:40:19,9.49,50.81,76.08,84,41,30.29
17,Bluff,NZ,2020-08-25 21:37:26,-46.6,168.33,44.78,75,82,17.13
18,Mayo,US,2020-08-25 21:40:19,38.89,-76.51,90.0,55,1,6.93
19,Taldan,RU,2020-08-25 21:40:19,53.67,124.8,50.32,97,99,3.74
20,Ribeira Grande,PT,2020-08-25 21:37:27,38.52,-28.7,75.2,94,75,8.05
21,Alofi,NU,2020-08-25 21:39:02,-19.06,-169.92,78.8,61,75,8.05
22,Hobart,AU,2020-08-25 21:36:26,-42.88,147.33,48.2,57,75,12.75
23,Saldanha,ZA,2020-08-25 21:40:20,-33.01,17.94,58.59,87,74,12.5
24,Magadan,RU,2020-08-25 21:40:20,59.57,150.8,51.31,57,100,7.61
25,Kangaatsiaq,GL,2020-08-25 21:37:45,68.31,-53.46,44.46,84,63,8.88
26,Wahpeton,US,2020-08-25 21:40:20,46.27,-96.61,86.0,66,1,12.75
27,Puerto Ayora,EC,2020-08-25 21:40:20,-0.74,-90.35,77.0,53,75,26.4
28,Nosy Varika,MG,2020-08-25 21:40:20,-20.58,48.53,66.43,91,56,4.43
29,Hermanus,ZA,2020-08-25 21:40:20,-34.42,19.23,55.0,94,96,10.56
30,Pacific Grove,US,2020-08-25 21:40:21,36.62,-121.92,75.99,60,40,8.05
31,Tupik,RU,2020-08-25 21:40:21,54.43,119.93,44.08,88,46,3.65
32,Faanui,PF,2020-08-25 21:37:46,-16.48,-151.75,76.3,81,35,18.5
33,Paamiut,GL,2020-08-25 21:40:21,61.99,-49.67,43.72,79,0,13.49
34,Norman Wells,CA,2020-08-25 21:40:21,65.28,-126.83,66.2,59,75,2.24
35,Malakal,SS,2020-08-25 21:40:22,9.53,31.66,74.05,87,100,2.89
36,Lahij,YE,2020-08-25 21:40:22,13.17,44.58,88.83,44,95,3.02
37,Butaritari,KI,2020-08-25 21:40:22,3.07,172.79,81.5,68,47,5.17
38,Saint-Georges,GD,2020-08-25 21:40:22,12.06,-61.75,86.0,74,20,17.22
39,Mar Del Plata,AR,2020-08-25 21:40:00,-38.0,-57.56,57.2,93,90,4.7
40,Saint-Philippe,RE,2020-08-25 21:40:22,-21.36,55.77,68.0,72,75,4.7
41,Kalmunai,LK,2020-08-25 21:38:55,7.42,81.82,78.31,84,100,8.43
42,Zhigansk,RU,2020-08-25 21:40:22,66.77,123.37,45.36,57,0,6.31
43,Kanigoro,ID,2020-08-25 21:40:23,-8.13,112.22,72.37,82,55,8.88
44,Punta Arenas,CL,2020-08-25 21:40:23,-53.15,-70.92,42.8,45,94,10.29
45,Mahina,PF,2020-08-25 21:40:23,-17.51,-149.49,82.4,65,75,2.24
46,Victoria,HK,2020-08-25 21:39:37,22.29,114.16,86.0,87,92,11.01
47,Upernavik,GL,2020-08-25 21:40:23,72.79,-56.15,42.26,88,100,4.83
48,Oktyabrskiy,RU,2020-08-25 21:40:23,54.48,53.47,57.4,93,18,2.21
49,Vaini,TO,2020-08-25 21:40:17,-21.2,-175.2,77.0,83,20,3.36
50,Bambous Virieux,MU,2020-08-25 21:40:23,-20.34,57.76,71.01,88,75,11.41
51,Jamestown,US,2020-08-25 21:36:31,42.1,-79.24,77.0,57,75,11.41
52,Thompson,CA,2020-08-25 21:40:24,55.74,-97.86,53.6,76,90,6.93
53,Tubuala,PA,2020-08-25 21:40:24,9.52,-79.03,80.6,78,75,12.75
54,Pangnirtung,CA,2020-08-25 21:40:24,66.15,-65.71,44.6,93,75,6.93
55,Port Alfred,ZA,2020-08-25 21:39:47,-33.59,26.89,60.98,73,0,18.61
56,Albany,US,2020-08-25 21:39:47,42.6,-73.97,78.01,73,40,12.75
57,Kuminskiy,RU,2020-08-25 21:40:24,58.67,66.57,57.85,98,100,5.68
58,Atuona,PF,2020-08-25 21:37:38,-9.8,-139.03,78.64,72,38,12.06
59,Saskylakh,RU,2020-08-25 21:40:25,71.92,114.08,51.17,63,44,8.03
60,Oranjestad,AW,2020-08-25 21:35:31,12.52,-70.03,87.8,66,1,24.16
61,Ilulissat,GL,2020-08-25 21:40:25,69.22,-51.1,42.8,75,40,4.7
62,Vestmannaeyjar,IS,2020-08-25 21:40:25,63.44,-20.27,52.07,78,68,8.72
63,Turayf,SA,2020-08-25 21:40:25,31.67,38.66,82.4,42,0,13.87
64,Kaitangata,NZ,2020-08-25 21:40:25,-46.28,169.85,46.0,61,45,7.0
65,Rockland,US,2020-08-25 21:40:25,41.17,-74.05,88.0,64,16,12.06
66,Starosubkhangulovo,RU,2020-08-25 21:40:26,53.1,57.44,58.46,82,82,3.74
67,Praia Da Vitoria,PT,2020-08-25 21:39:24,38.73,-27.07,77.0,78,40,12.46
68,Busselton,AU,2020-08-25 21:37:45,-33.65,115.33,45.0,76,50,1.79
69,Tual,ID,2020-08-25 21:40:26,-5.67,132.75,78.76,76,49,22.08
70,Woodward,US,2020-08-25 21:40:26,36.43,-99.39,95.0,23,1,8.05
71,San Patricio,MX,2020-08-25 21:37:59,19.22,-104.7,84.2,83,75,16.11
72,Mangrol,IN,2020-08-25 21:40:26,21.12,70.12,81.19,84,91,18.59
73,Barrow,US,2020-08-25 21:40:27,71.29,-156.79,39.2,93,90,6.93
74,New Norfolk,AU,2020-08-25 21:40:27,-42.78,147.06,46.99,81,100,5.01
75,Nanortalik,GL,2020-08-25 21:40:27,60.14,-45.24,46.15,83,6,6.53
76,Khatanga,RU,2020-08-25 21:37:50,71.97,102.5,53.51,71,50,3.94
77,Ulkan,RU,2020-08-25 21:40:27,57.24,107.32,48.09,79,0,1.88
78,Tuatapere,NZ,2020-08-25 21:40:27,-46.13,167.68,41.86,80,43,6.8
79,Nikolskoye,RU,2020-08-25 21:39:51,59.7,30.79,59.0,87,75,6.71
80,Saint Anthony,US,2020-08-25 21:40:28,45.02,-93.22,90.0,58,1,13.87
81,Westport,US,2020-08-25 21:40:28,41.14,-73.36,87.01,63,27,13.8
82,Sioux Lookout,CA,2020-08-25 21:40:28,50.1,-91.92,69.8,68,90,6.93
83,Tocopilla,CL,2020-08-25 21:40:28,-22.09,-70.2,63.37,62,14,8.72
84,Bethel,US,2020-08-25 21:35:29,41.37,-73.41,84.99,73,40,5.82
85,Aleppo,SY,2020-08-25 21:40:28,36.25,37.5,74.01,47,0,10.98
86,Chihuahua,MX,2020-08-25 21:40:28,28.5,-106.0,87.8,22,75,9.17
87,Meulaboh,ID,2020-08-25 21:40:29,4.14,96.13,75.74,86,79,3.96
88,Calabozo,VE,2020-08-25 21:40:29,8.92,-67.43,81.66,88,91,0.98
89,Grindavik,IS,2020-08-25 21:40:29,63.84,-22.43,46.4,81,75,6.93
90,Fernie,CA,2020-08-25 21:37:49,49.5,-115.07,78.8,27,75,12.75
91,Mocuba,MZ,2020-08-25 21:40:29,-16.84,36.99,72.18,78,62,2.08
92,Hilo,US,2020-08-25 21:40:29,19.73,-155.09,86.0,58,1,9.17
93,Geraldton,AU,2020-08-25 21:40:29,-28.77,114.6,44.6,93,0,3.36
94,Provideniya,RU,2020-08-25 21:40:30,64.38,-173.3,51.8,87,90,6.71
95,Sena Madureira,BR,2020-08-25 21:37:34,-9.07,-68.66,87.8,37,0,2.06
96,Kidal,ML,2020-08-25 21:40:30,18.44,1.41,91.53,39,31,11.72
97,Vao,NC,2020-08-25 21:37:57,-22.67,167.48,67.77,65,84,13.62
98,Sidi Ali,DZ,2020-08-25 21:40:30,36.1,0.42,74.62,63,0,0.65
99,Lensk,RU,2020-08-25 21:38:58,60.73,114.93,42.24,68,0,4.72
100,Katsuura,JP,2020-08-25 21:37:26,35.13,140.3,77.0,94,20,4.7
101,Churapcha,RU,2020-08-25 21:38:25,62.0,132.43,42.53,79,0,5.79
102,Cabo San Lucas,MX,2020-08-25 21:40:30,22.89,-109.91,91.4,52,5,5.82
103,Safford,US,2020-08-25 21:40:31,32.83,-109.71,100.4,15,1,11.27
104,Tiksi,RU,2020-08-25 21:40:31,71.69,128.87,39.13,82,3,10.96
105,Novaya Igirma,RU,2020-08-25 21:40:31,57.13,103.91,49.96,86,4,2.26
106,Acarau,BR,2020-08-25 21:39:21,-2.89,-40.12,76.17,79,0,11.21
107,Castro,BR,2020-08-25 21:40:32,-24.79,-50.01,52.25,90,0,7.07
108,Kharp,RU,2020-08-25 21:40:33,66.8,65.81,50.76,84,98,3.4
109,Padang,ID,2020-08-25 21:40:33,-0.95,100.35,77.31,72,97,4.45
110,Rundu,NA,2020-08-25 21:40:33,-17.93,19.77,61.74,29,0,3.74
111,Torbay,CA,2020-08-25 21:40:33,47.67,-52.73,60.01,82,75,16.11
112,Khanino,RU,2020-08-25 21:40:33,54.21,36.62,62.6,93,94,4.47
113,Nagybajom,HU,2020-08-25 21:40:33,46.39,17.51,62.6,93,0,1.12
114,Severo-Kurilsk,RU,2020-08-25 21:40:33,50.68,156.12,53.22,92,92,17.34
115,Bitung,ID,2020-08-25 21:40:34,1.45,125.18,73.4,94,20,2.24
116,Komsomolskiy,UZ,2020-08-25 21:40:34,40.43,71.72,71.6,56,20,4.7
117,Stornoway,GB,2020-08-25 21:40:34,58.21,-6.39,55.99,82,100,23.04
118,Hasaki,JP,2020-08-25 21:40:34,35.73,140.83,77.0,88,20,4.7
119,Kenai,US,2020-08-25 21:40:34,60.55,-151.26,59.0,82,90,6.93
120,Doha,QA,2020-08-25 21:40:26,25.29,51.53,93.2,32,33,4.7
121,Moengo,SR,2020-08-25 21:40:34,5.62,-54.4,79.02,78,91,4.47
122,Kendal,GB,2020-08-25 21:40:35,54.33,-2.75,62.01,99,99,3.0
123,Souillac,MU,2020-08-25 21:40:35,-20.52,57.52,68.0,88,75,11.41
124,Sao Joao Da Barra,BR,2020-08-25 21:40:35,-21.64,-41.05,69.8,60,40,13.87
125,Cherskiy,RU,2020-08-25 21:40:35,68.75,161.3,39.15,93,100,3.87
126,Topsham,US,2020-08-25 21:40:36,43.93,-69.98,73.4,94,75,10.02
127,Dinar,TR,2020-08-25 21:40:36,38.06,30.17,71.6,43,0,3.36
128,San Quintin,MX,2020-08-25 21:40:36,30.48,-115.95,77.79,70,13,15.3
129,East London,ZA,2020-08-25 21:40:36,-33.02,27.91,63.46,64,16,19.69
130,Milyutinskaya,RU,2020-08-25 21:40:36,48.63,41.67,67.5,35,0,9.46
131,Husavik,IS,2020-08-25 21:40:36,66.04,-17.34,46.4,75,20,6.93
132,Banepa,NP,2020-08-25 21:40:36,27.63,85.52,73.4,100,75,0.98
133,Dikson,RU,2020-08-25 21:40:37,73.51,80.55,47.77,88,0,6.4
134,Saint-Augustin,CA,2020-08-25 21:40:37,51.23,-58.65,59.22,81,100,14.58
135,Gouyave,GD,2020-08-25 21:40:37,12.16,-61.73,86.0,74,20,17.22
136,Avarua,CK,2020-08-25 21:37:58,-21.21,-159.78,77.0,73,40,10.29
137,Clyde River,CA,2020-08-25 21:40:03,70.47,-68.59,44.53,71,0,7.96
138,Ust-Uda,RU,2020-08-25 21:40:37,54.17,103.03,49.68,89,40,3.09
139,Beloha,MG,2020-08-25 21:40:38,-25.17,45.05,65.61,88,5,3.76
140,Yellowknife,CA,2020-08-25 21:37:18,62.46,-114.35,55.4,100,90,8.05
141,Praia,CV,2020-08-25 21:40:38,14.92,-23.51,82.4,78,20,3.36
142,Vila Franca Do Campo,PT,2020-08-25 21:40:38,37.72,-25.43,73.4,94,40,8.05
143,Broken Hill,AU,2020-08-25 21:40:38,-31.95,141.43,39.2,64,0,4.7
144,Coihaique,CL,2020-08-25 21:40:38,-45.58,-72.07,39.2,80,90,2.24
145,Juneau,US,2020-08-25 21:40:39,58.3,-134.42,55.99,93,90,14.99
146,Hithadhoo,MV,2020-08-25 21:37:49,-0.6,73.08,81.59,76,100,8.46
147,Joshimath,IN,2020-08-25 21:40:39,30.57,79.57,67.53,56,86,1.34
148,Boguchany,RU,2020-08-25 21:40:39,58.38,97.45,51.8,92,29,2.84
149,Pemangkat,ID,2020-08-25 21:40:39,1.17,108.97,77.67,85,84,4.18
150,Nishihara,JP,2020-08-25 21:40:39,26.18,127.76,80.6,94,75,10.29
151,Vrangel,RU,2020-08-25 21:40:40,42.73,133.08,71.15,92,34,3.91
152,Chuy,UY,2020-08-25 21:38:41,-33.7,-53.46,60.8,72,100,11.14
153,Challans,FR,2020-08-25 21:40:40,46.84,-1.87,66.2,82,75,8.05
154,Valparaiso,CL,2020-08-25 21:40:40,-33.04,-71.63,52.0,100,90,8.05
155,Huarmey,PE,2020-08-25 21:40:40,-10.07,-78.15,65.35,72,15,10.38
156,Caravelas,BR,2020-08-25 21:40:40,-17.71,-39.25,69.96,66,3,14.85
157,Alberton,CA,2020-08-25 21:40:41,46.82,-64.07,69.58,88,100,10.67
158,San Jeronimo,PE,2020-08-25 21:38:27,-11.95,-75.28,61.38,42,10,8.39
159,Ponta Delgada,PT,2020-08-25 21:40:41,37.73,-25.67,73.4,94,40,8.05
160,Nelson Bay,AU,2020-08-25 21:40:41,-32.72,152.15,44.01,86,20,10.29
161,Georgetown,MY,2020-08-25 21:40:41,5.41,100.34,78.8,88,20,3.36
162,Akureyri,IS,2020-08-25 21:36:31,65.68,-18.09,46.4,75,20,6.93
163,Bayburt,TR,2020-08-25 21:40:41,40.26,40.23,58.87,46,0,0.58
164,Ulladulla,AU,2020-08-25 21:39:00,-35.35,150.47,42.8,81,0,11.41
165,Coquimbo,CL,2020-08-25 21:39:43,-29.95,-71.34,51.8,93,75,5.82
166,Escanaba,US,2020-08-25 21:40:42,45.75,-87.06,80.6,51,40,10.29
167,Aktau,KZ,2020-08-25 21:40:42,43.65,51.2,60.8,82,0,2.24
168,Prince Rupert,CA,2020-08-25 21:40:42,54.32,-130.32,55.4,93,90,8.05
169,Dingle,PH,2020-08-25 21:40:42,11.0,122.67,75.36,88,99,3.89
170,Tolmezzo,IT,2020-08-25 21:40:42,46.41,13.02,68.0,75,0,1.99
171,Muhororo,UG,2020-08-25 21:40:43,0.94,30.76,62.13,96,35,1.74
172,Srandakan,ID,2020-08-25 21:40:43,-7.94,110.25,74.28,83,78,9.04
173,Talnakh,RU,2020-08-25 21:39:56,69.49,88.4,50.0,87,91,6.71
174,Kuznechikha,RU,2020-08-25 21:40:43,57.22,42.33,58.28,89,82,4.56
175,Necochea,AR,2020-08-25 21:40:43,-38.55,-58.74,55.99,90,100,5.99
176,Lahat,ID,2020-08-25 21:40:44,-3.8,103.53,71.4,66,97,2.89
177,Lodja,CD,2020-08-25 21:40:44,-3.48,23.43,71.83,87,72,0.78
178,Sao Filipe,CV,2020-08-25 21:40:44,14.9,-24.5,79.97,84,17,5.61
179,Namibe,AO,2020-08-25 21:40:42,-15.2,12.15,65.73,83,88,2.98
180,Arlit,NE,2020-08-25 21:40:44,18.74,7.39,87.8,45,67,18.12
181,Kisleta,HU,2020-08-25 21:40:44,47.84,22.0,62.6,93,25,2.24
182,Palmer,US,2020-08-25 21:40:45,42.16,-72.33,84.0,59,24,1.01
183,Fortuna,US,2020-08-25 21:40:05,40.6,-124.16,64.0,77,1,13.87
184,Kollam,IN,2020-08-25 21:36:14,8.88,76.6,82.4,83,20,6.93
185,Chokurdakh,RU,2020-08-25 21:40:45,70.63,147.92,37.65,90,100,4.54
186,Bestobe,KZ,2020-08-25 21:40:45,52.5,73.1,59.0,68,37,12.28
187,Leningradskiy,RU,2020-08-25 21:40:45,69.38,178.42,39.52,91,100,12.77
188,Noyabrsk,RU,2020-08-25 21:40:46,63.2,75.45,48.24,94,0,6.71
189,Moron,AR,2020-08-25 21:36:12,-34.65,-58.62,66.0,88,95,4.0
190,Bathsheba,BB,2020-08-25 21:39:54,13.22,-59.52,86.0,74,40,14.99
191,Olafsvik,IS,2020-08-25 21:38:08,64.89,-23.71,46.9,84,32,6.42
192,Kazerun,IR,2020-08-25 21:40:46,29.62,51.65,75.87,24,0,2.53
193,Inhambane,MZ,2020-08-25 21:40:46,-23.86,35.38,71.15,83,0,14.18
194,Victor Harbor,AU,2020-08-25 21:40:47,-35.57,138.62,53.01,68,15,6.11
195,Narsaq,GL,2020-08-25 21:37:56,60.92,-46.05,53.6,58,0,9.17
196,Yar-Sale,RU,2020-08-25 21:40:47,66.83,70.83,50.45,82,0,6.67
197,Port Elizabeth,ZA,2020-08-25 21:40:44,-33.92,25.57,60.8,82,1,26.4
198,Aklavik,CA,2020-08-25 21:40:47,68.22,-135.01,59.0,72,75,5.82
199,Bredasdorp,ZA,2020-08-25 21:40:47,-34.53,20.04,55.4,87,73,2.24
200,Sokoni,TZ,2020-08-25 21:40:48,-6.43,39.55,76.53,82,0,12.12
201,Maceio,BR,2020-08-25 21:40:48,-9.67,-35.74,71.6,94,90,2.24
202,Adrar,MR,2020-08-25 21:39:53,20.5,-10.07,91.33,36,86,23.76
203,La Huerta,MX,2020-08-25 21:40:48,19.47,-104.65,84.2,83,75,16.11
204,Dullewala,PK,2020-08-25 21:40:48,31.84,71.44,92.7,44,84,12.37
205,Kutum,SD,2020-08-25 21:40:48,14.2,24.67,76.8,62,18,6.58
206,San Felipe,VE,2020-08-25 21:40:49,10.34,-68.74,79.16,86,67,1.41
207,Djambala,CG,2020-08-25 21:40:49,-2.54,14.75,72.82,79,0,2.48
208,Kodiak,US,2020-08-25 21:40:11,57.79,-152.41,58.86,63,92,1.52
209,Kavieng,PG,2020-08-25 21:39:51,-2.57,150.8,82.62,75,1,10.31
210,Qaqortoq,GL,2020-08-25 21:40:49,60.72,-46.03,53.6,58,0,9.17
211,Asau,RO,2020-08-25 21:40:49,46.43,26.4,60.01,99,99,1.48
212,Srednekolymsk,RU,2020-08-25 21:39:04,67.45,153.68,43.05,71,93,3.74
213,Pereslavl-Zalesskiy,RU,2020-08-25 21:40:49,56.74,38.86,57.74,90,84,6.38
214,Fort Nelson,CA,2020-08-25 21:40:50,58.81,-122.7,64.4,48,75,12.75
215,Cidreira,BR,2020-08-25 21:40:50,-30.18,-50.21,62.62,83,0,24.58
216,Airai,TL,2020-08-25 21:40:50,-8.93,125.41,53.98,67,13,5.1
217,Acapulco,MX,2020-08-25 21:39:40,16.86,-99.89,86.0,70,75,5.82
218,Tongchuan,CN,2020-08-25 21:40:50,35.08,109.09,68.32,57,2,2.68
219,La Asuncion,VE,2020-08-25 21:40:50,11.03,-63.86,87.8,66,100,18.34
220,Burnie,AU,2020-08-25 21:40:50,-41.07,145.92,46.99,71,60,11.01
221,Pevek,RU,2020-08-25 21:37:48,69.7,170.31,38.39,98,100,3.11
222,Gimbi,ET,2020-08-25 21:40:51,9.17,35.83,55.85,100,100,2.55
223,Tefe,BR,2020-08-25 21:40:51,-3.35,-64.71,86.0,62,20,5.82
224,Cayenne,GF,2020-08-25 21:38:09,4.93,-52.33,86.0,66,4,9.17
225,Gualaquiza,EC,2020-08-25 21:40:51,-3.4,-78.55,72.99,69,25,3.51
226,Ahuimanu,US,2020-08-25 21:37:58,21.44,-157.84,89.6,62,40,11.41
227,Evensk,RU,2020-08-25 21:40:52,61.95,159.23,48.38,52,0,2.39
228,Sandwick,GB,2020-08-25 21:40:52,60.0,-1.25,53.6,71,57,19.46
229,Sao Felix Do Xingu,BR,2020-08-25 21:40:52,-6.64,-51.99,85.32,44,72,0.76
230,Buraydah,SA,2020-08-25 21:40:52,26.33,43.98,95.0,28,0,6.93
231,Baruun-Urt,MN,2020-08-25 21:40:52,46.68,113.28,51.78,83,39,1.74
232,Sitka,US,2020-08-25 21:40:52,57.05,-135.33,55.4,93,90,3.36
233,Haverfordwest,GB,2020-08-25 21:40:53,51.8,-4.97,62.6,82,18,35.57
234,Sayyan,YE,2020-08-25 21:40:53,15.17,44.32,65.21,58,98,2.84
235,Tooele,US,2020-08-25 21:40:53,40.53,-112.3,91.4,29,1,9.17
236,Haines Junction,CA,2020-08-25 21:39:53,60.75,-137.51,59.16,51,97,6.98
237,La Ronge,CA,2020-08-25 21:40:54,55.1,-105.28,51.8,100,90,6.93
238,Roebourne,AU,2020-08-25 21:38:37,-20.78,117.13,72.95,37,1,4.27
239,Bontang,ID,2020-08-25 21:40:54,0.13,117.5,76.5,87,58,6.71
240,Dongsheng,CN,2020-08-25 21:40:27,39.82,109.98,61.07,61,20,5.03
241,Artesia,US,2020-08-25 21:40:54,33.87,-118.08,93.2,51,1,11.41
242,Verkhnyaya Toyma,RU,2020-08-25 21:40:54,62.23,45.0,51.01,94,51,2.21
243,Lyaskelya,RU,2020-08-25 21:40:54,61.77,31.02,54.45,95,100,3.04
244,Pisco,PE,2020-08-25 21:38:33,-13.7,-76.22,64.4,82,20,20.8
245,Rio Grande,BR,2020-08-25 21:38:56,-32.03,-52.1,66.2,72,93,13.87
246,Kostino,RU,2020-08-25 21:40:55,58.91,53.27,52.59,96,11,5.08
247,Lethem,GY,2020-08-25 21:40:55,3.38,-59.8,79.84,80,100,8.14
248,Kandrian,PG,2020-08-25 21:40:55,-6.22,149.55,79.75,85,36,12.03
249,Bilibino,RU,2020-08-25 21:40:55,68.05,166.44,42.66,84,100,3.29
250,Mount Gambier,AU,2020-08-25 21:40:55,-37.83,140.77,39.2,93,90,5.82
251,Karratha,AU,2020-08-25 21:40:05,-20.74,116.85,71.82,38,2,3.69
252,Aykhal,RU,2020-08-25 21:39:10,66.0,111.5,42.8,69,16,2.24
253,Aitape,PG,2020-08-25 21:40:56,-3.14,142.35,80.08,77,74,4.81
254,Tasiilaq,GL,2020-08-25 21:40:56,65.61,-37.64,41.0,75,0,6.93
255,Los Llanos De Aridane,ES,2020-08-25 21:40:56,28.66,-17.92,81.0,78,20,16.11
256,Auki,SB,2020-08-25 21:40:56,-8.77,160.7,78.03,82,89,4.56
257,Monchique,PT,2020-08-25 21:40:56,37.32,-8.56,63.0,85,0,1.01
258,Colares,PT,2020-08-25 21:40:56,38.8,-9.45,70.0,83,0,23.0
259,Matara,LK,2020-08-25 21:40:57,5.95,80.54,78.49,87,100,5.12
260,San Carlos,VE,2020-08-25 21:40:57,9.66,-68.58,79.38,88,92,1.14
261,Rakaia,NZ,2020-08-25 21:40:57,-43.75,172.02,46.0,29,0,3.0
262,Baherden,TM,2020-08-25 21:40:57,38.44,57.43,70.3,33,8,4.99
263,Kailaras,IN,2020-08-25 21:40:57,26.32,77.62,79.36,81,20,9.57
264,Killybegs,IE,2020-08-25 21:40:57,54.63,-8.45,54.0,97,100,4.0
265,Colwyn Bay,GB,2020-08-25 21:40:57,53.29,-3.73,55.99,100,100,13.0
266,Tautira,PF,2020-08-25 21:40:58,-17.73,-149.15,82.4,65,75,2.24
267,Dabhol,IN,2020-08-25 21:40:58,17.6,73.17,76.08,91,19,3.67
268,Klaksvik,FO,2020-08-25 21:40:58,62.23,-6.59,46.4,75,92,4.7
269,Kaura Namoda,NG,2020-08-25 21:40:58,12.59,6.58,74.55,84,51,9.37
270,Mehamn,NO,2020-08-25 21:40:58,71.04,27.85,48.2,76,75,5.82
271,Waverly,US,2020-08-25 21:38:36,42.74,-84.62,82.4,34,1,9.17
272,Tuktoyaktuk,CA,2020-08-25 21:37:45,69.45,-133.04,48.2,87,90,6.93
273,Touros,BR,2020-08-25 21:39:05,-5.2,-35.46,77.0,83,20,12.75
274,Luderitz,NA,2020-08-25 21:40:59,-26.65,15.16,55.69,80,0,8.19
275,Porosozero,RU,2020-08-25 21:40:59,62.72,32.73,52.21,89,100,2.42
276,Sisimiut,GL,2020-08-25 21:40:59,66.94,-53.67,48.25,76,31,5.59
277,Vardo,NO,2020-08-25 21:40:59,70.37,31.11,48.2,81,3,13.87
278,Leh,IN,2020-08-25 21:40:59,34.17,77.58,61.95,40,20,3.24
279,Yaan,NG,2020-08-25 21:41:00,7.38,8.57,72.68,88,78,1.66
280,Neyyattinkara,IN,2020-08-25 21:41:00,8.4,77.08,82.4,83,20,6.93
281,Kununurra,AU,2020-08-25 21:39:53,-15.77,128.73,60.8,32,13,4.36
282,Zacualpan,MX,2020-08-25 21:41:00,21.25,-105.17,87.8,58,75,3.36
283,Refojos De Basto,PT,2020-08-25 21:41:00,41.51,-8.0,69.01,84,25,1.1
284,Prachuap Khiri Khan,TH,2020-08-25 21:41:00,11.82,99.78,77.22,85,29,7.2
285,Tromso,NO,2020-08-25 21:40:03,69.65,18.96,46.4,87,75,4.7
286,Rayong,TH,2020-08-25 21:41:00,12.83,101.43,81.0,95,23,4.25
287,Cockburn Town,TC,2020-08-25 21:41:01,21.46,-71.14,84.2,74,40,126.61
288,Sola,VU,2020-08-25 21:41:01,-13.88,167.55,84.2,79,75,6.93
289,Portland,US,2020-08-25 21:37:15,45.52,-122.68,81.0,41,20,8.05
290,Mersing,MY,2020-08-25 21:41:01,2.43,103.84,75.2,100,100,4.7
291,Constitucion,CL,2020-08-25 21:41:01,-35.33,-72.42,52.23,82,44,21.41
292,Broome,US,2020-08-25 21:41:01,42.25,-75.83,79.0,50,1,19.46
293,Manokwari,ID,2020-08-25 21:41:02,-0.87,134.08,79.05,71,6,3.49
294,Chernyshevskiy,RU,2020-08-25 21:41:02,63.01,112.47,40.23,81,17,2.91
295,Mnogovershinnyy,RU,2020-08-25 21:41:02,53.94,139.92,52.57,100,99,7.65
296,Isangel,VU,2020-08-25 21:40:19,-19.55,169.27,75.2,88,75,5.82
297,Chitral,PK,2020-08-25 21:41:02,35.85,71.79,76.93,47,96,3.74
298,Hayama,JP,2020-08-25 21:41:02,35.27,139.58,79.0,91,0,1.99
299,Tarnowskie Gory,PL,2020-08-25 21:41:02,50.45,18.86,62.01,81,11,3.36
300,Makakilo City,US,2020-08-25 21:38:51,21.35,-158.09,89.6,46,20,10.29
301,Salalah,OM,2020-08-25 21:38:09,17.02,54.09,77.0,94,90,3.36
302,Garowe,SO,2020-08-25 21:41:03,8.41,48.48,78.03,60,2,23.69
303,Baculin,PH,2020-08-25 21:41:03,7.45,126.58,78.58,78,61,6.24
304,Zermatt,CH,2020-08-25 21:38:29,46.02,7.75,69.8,52,0,4.52
305,Tynda,RU,2020-08-25 21:41:03,55.17,124.72,49.48,95,100,3.36
306,Vallenar,CL,2020-08-25 21:41:03,-28.57,-70.76,57.43,53,4,6.04
307,Namatanai,PG,2020-08-25 21:41:03,-3.67,152.43,81.34,75,7,6.96
308,Ewa Beach,US,2020-08-25 21:41:04,21.32,-158.01,89.6,46,20,10.29
309,Rio Gallegos,AR,2020-08-25 21:37:22,-51.62,-69.22,42.8,38,0,16.11
310,Conceicao Da Barra,BR,2020-08-25 21:36:47,-18.59,-39.73,67.21,62,9,11.59
311,Havoysund,NO,2020-08-25 21:41:04,71.0,24.66,48.2,76,40,3.36
312,Avera,US,2020-08-25 21:38:17,33.19,-82.53,87.8,79,1,6.93
313,Carupano,VE,2020-08-25 21:41:04,10.67,-63.26,82.63,79,94,10.87
314,Barcelos,PT,2020-08-25 21:41:04,41.54,-8.62,70.0,88,20,11.41
315,Xuddur,SO,2020-08-25 21:40:19,4.12,43.89,74.1,74,94,17.25
316,Venice,US,2020-08-25 21:39:06,27.1,-82.45,93.0,66,1,5.82
317,Gamba,GA,2020-08-25 21:41:05,-2.65,10.0,74.5,84,32,7.49
318,Hoi An,VN,2020-08-25 21:41:05,15.88,108.33,82.4,74,20,8.14
319,Todos Santos,MX,2020-08-25 21:41:05,23.45,-110.22,79.0,79,0,5.01
320,Guerrero Negro,MX,2020-08-25 21:41:05,27.98,-114.06,81.46,63,19,16.8
321,Te Anau,NZ,2020-08-25 21:41:05,-45.42,167.72,37.45,79,52,2.93
322,Aktash,RU,2020-08-25 21:41:05,50.3,87.73,35.42,98,100,7.09
323,Sur,OM,2020-08-25 21:41:06,22.57,59.53,85.32,65,81,4.52
324,Katobu,ID,2020-08-25 21:41:06,-4.94,122.53,73.18,81,8,6.58
325,Trat,TH,2020-08-25 21:41:06,12.5,102.5,78.01,93,40,1.72
326,Siedlce,PL,2020-08-25 21:41:06,52.17,22.29,53.01,80,25,6.78
327,Itarema,BR,2020-08-25 21:41:06,-2.92,-39.92,76.17,78,0,11.18
328,Bulolo,PG,2020-08-25 21:41:06,-7.2,146.65,72.82,71,67,2.42
329,Bara,NG,2020-08-25 21:41:07,10.37,10.73,71.82,90,100,5.46
330,Buala,SB,2020-08-25 21:41:07,-8.14,159.59,83.19,74,74,7.83
331,Bolobo,CD,2020-08-25 21:41:07,-2.17,16.23,76.73,69,4,2.77
332,Baracoa,CU,2020-08-25 21:41:07,20.35,-74.5,83.19,73,11,7.18
333,Banos,EC,2020-08-25 21:41:07,-1.4,-78.42,73.4,59,40,9.17
334,Aksu,CN,2020-08-25 21:41:07,41.12,80.26,79.68,20,7,5.32
335,Karlovac,HR,2020-08-25 21:41:07,45.49,15.55,57.99,91,14,1.9
336,Ponta Do Sol,PT,2020-08-25 21:38:17,32.67,-17.1,75.2,60,20,14.99
337,Dniprovka,UA,2020-08-25 21:41:08,47.43,34.62,71.01,39,11,5.77
338,Tavricheskoye,RU,2020-08-25 21:41:08,54.59,73.64,55.4,100,75,4.47
339,Rosetta,EG,2020-08-25 21:41:08,31.4,30.42,76.86,75,0,5.59
340,Bachaquero,VE,2020-08-25 21:41:08,9.97,-71.15,87.17,63,37,4.92
341,Kaliua,TZ,2020-08-25 21:41:09,-5.06,31.79,76.1,35,96,3.22
342,Northam,GB,2020-08-25 21:41:09,51.03,-4.22,62.01,89,67,17.0
343,Lorengau,PG,2020-08-25 21:38:06,-2.02,147.27,83.43,75,89,13.96
344,Mitsamiouli,KM,2020-08-25 21:41:09,-11.38,43.28,76.77,73,0,3.89
345,Saquena,PE,2020-08-25 21:41:09,-4.67,-73.52,84.85,54,54,2.55
346,Bismil,TR,2020-08-25 21:41:09,37.85,40.67,75.2,53,0,2.24
347,Ballina,AU,2020-08-25 21:41:09,-28.87,153.57,53.6,93,75,5.82
348,Teeli,RU,2020-08-25 21:41:10,51.03,90.23,51.57,82,100,6.31
349,Oksfjord,NO,2020-08-25 21:41:10,70.24,22.35,48.2,93,75,5.82
350,Alice Springs,AU,2020-08-25 21:41:10,-23.7,133.88,53.6,34,0,6.93
351,Saint-Paul,RE,2020-08-25 21:41:10,-21.01,55.27,68.0,64,41,13.87
352,Sambava,MG,2020-08-25 21:41:10,-14.27,50.17,69.48,86,25,10.16
353,Mahebourg,MU,2020-08-25 21:41:11,-20.41,57.7,68.0,88,75,11.41
354,Sovetskiy,RU,2020-08-25 21:41:11,61.36,63.58,52.41,98,100,3.47
355,Longyearbyen,SJ,2020-08-25 21:41:11,78.22,15.64,41.0,81,20,6.93
356,Vasterhaninge,SE,2020-08-25 21:41:11,59.12,18.1,55.0,71,0,4.7
357,Haren,DE,2020-08-25 21:41:11,52.78,7.23,62.6,82,43,6.93
358,Labuhan,ID,2020-08-25 21:38:38,-6.88,112.21,76.17,78,56,9.06
359,Kieta,PG,2020-08-25 21:41:11,-6.22,155.63,83.08,67,4,4.79
360,Rieti,IT,2020-08-25 21:41:12,42.41,12.86,72.0,76,0,2.82
361,Margate,GB,2020-08-25 21:37:58,51.38,1.39,64.0,79,47,7.0
362,Dunedin,NZ,2020-08-25 21:40:59,-45.87,170.5,46.0,62,11,14.0
363,Ajaccio,FR,2020-08-25 21:41:12,42.0,8.92,71.6,73,0,5.82
364,Esperance,AU,2020-08-25 21:41:12,-33.87,121.9,50.0,100,75,2.24
365,Deputatskiy,RU,2020-08-25 21:41:12,69.3,139.9,31.28,94,31,3.6
366,Carnarvon,AU,2020-08-25 21:37:27,-24.87,113.63,60.8,87,0,16.11
367,Sao Miguel Do Araguaia,BR,2020-08-25 21:41:13,-13.28,-50.16,82.29,37,27,0.67
368,Tyumentsevo,RU,2020-08-25 21:41:13,53.32,81.5,50.45,95,0,8.12
369,Semey,KZ,2020-08-25 21:41:13,50.41,80.23,56.26,74,47,8.1
370,Windsor,CA,2020-08-25 21:41:13,42.3,-83.02,88.0,37,1,9.17
371,Jardim,BR,2020-08-25 21:41:13,-21.48,-56.14,77.0,53,0,8.79
372,San Luis,AR,2020-08-25 21:41:13,-33.3,-66.34,63.23,53,6,13.91
373,Shenjiamen,CN,2020-08-25 21:41:14,29.96,122.3,81.91,83,28,25.52
374,Katsina,NG,2020-08-25 21:41:14,12.99,7.6,77.11,74,63,9.71
375,College,US,2020-08-25 21:41:14,64.86,-147.8,57.2,82,75,3.36
376,Presidencia Roque Saenz Pena,AR,2020-08-25 21:37:15,-26.79,-60.44,87.15,32,19,10.33
377,Ratne,UA,2020-08-25 21:41:14,51.67,24.53,55.2,88,0,6.6
378,Hastings,GB,2020-08-25 21:41:14,50.86,0.57,63.0,80,58,8.99
379,Mataram,ID,2020-08-25 21:41:15,-8.58,116.12,73.4,88,20,5.82
380,Gigmoto,PH,2020-08-25 21:41:15,13.78,124.39,80.69,81,84,3.8
381,Ridgecrest,US,2020-08-25 21:41:15,35.62,-117.67,104.0,10,0,24.76
382,Gazanjyk,TM,2020-08-25 21:41:15,39.24,55.52,69.26,46,0,7.83
383,Umm Lajj,SA,2020-08-25 21:41:15,25.02,37.27,84.22,55,0,5.93
384,Peniche,PT,2020-08-25 21:40:28,39.36,-9.38,71.01,90,1,8.99
385,Bambanglipuro,ID,2020-08-25 21:41:16,-7.95,110.28,74.23,83,75,9.33
386,Tura,IN,2020-08-25 21:41:16,25.52,90.22,74.82,89,65,5.17
387,Maple Creek,CA,2020-08-25 21:41:16,49.92,-109.48,80.96,29,25,5.91
388,Road Town,VG,2020-08-25 21:41:16,18.42,-64.62,86.0,74,75,11.41
389,Puerto Carreno,CO,2020-08-25 21:41:16,6.19,-67.49,83.41,77,100,5.14
390,Kruisfontein,ZA,2020-08-25 21:39:00,-34.0,24.73,62.01,71,9,7.0
391,Honningsvag,NO,2020-08-25 21:40:01,70.98,25.97,48.2,76,40,3.36
392,Araouane,ML,2020-08-25 21:41:16,18.9,-3.53,94.87,35,33,12.08
393,Pichayevo,RU,2020-08-25 21:41:17,53.24,42.2,63.55,84,100,6.08
394,Kilindoni,TZ,2020-08-25 21:41:17,-7.91,39.67,76.41,83,0,12.57
395,Halifax,CA,2020-08-25 21:41:17,44.65,-63.57,69.01,90,100,3.0
396,Dutse,NG,2020-08-25 21:41:17,11.76,9.34,74.88,83,100,6.71
397,Ponnani,IN,2020-08-25 21:41:17,10.77,75.93,77.0,94,40,4.7
398,Vostok,RU,2020-08-25 21:38:12,46.49,135.88,63.5,100,81,1.95
399,Shwebo,MM,2020-08-25 21:41:17,22.57,95.7,76.01,90,95,6.29
400,Lavrentiya,RU,2020-08-25 21:40:21,65.58,-171.0,48.18,86,92,5.68
401,Launceston,AU,2020-08-25 21:41:18,-41.45,147.17,39.2,93,93,12.75
402,Iskateley,RU,2020-08-25 21:41:18,67.68,53.15,51.48,92,25,0.43
403,Dubbo,AU,2020-08-25 21:37:53,-32.25,148.62,33.8,100,0,8.05
404,Rawson,AR,2020-08-25 21:41:18,-43.3,-65.1,45.54,77,99,15.14
405,Mannarakkat,IN,2020-08-25 21:41:18,10.98,76.47,77.0,94,40,4.7
406,Saint-Francois,FR,2020-08-25 21:41:18,46.42,3.91,64.99,64,73,6.78
407,Namwala,ZM,2020-08-25 21:41:18,-15.75,26.44,60.55,35,0,4.09
408,Balkhash,KZ,2020-08-25 21:41:19,46.84,74.98,64.33,52,0,12.44
409,Quelimane,MZ,2020-08-25 21:41:19,-17.88,36.89,73.4,88,40,3.36
410,Jutai,BR,2020-08-25 21:41:19,-5.18,-68.9,86.16,46,90,0.83
411,Vanavara,RU,2020-08-25 21:41:19,60.34,102.28,47.44,79,3,6.71
412,Hudson Bay,CA,2020-08-25 21:41:19,52.85,-102.38,73.76,69,88,6.8
413,Obo,CF,2020-08-25 21:41:19,5.4,26.49,68.25,94,97,2.1
414,Pasighat,IN,2020-08-25 21:41:20,28.07,95.33,79.03,77,39,1.99
415,Orlik,RU,2020-08-25 21:41:20,52.52,99.83,44.62,69,90,1.88
416,Asfi,MA,2020-08-25 21:41:20,32.3,-9.24,85.39,40,100,9.69
417,Harper,LR,2020-08-25 21:38:56,4.38,-7.72,75.18,83,89,6.6
418,El Chol,GT,2020-08-25 21:41:20,14.96,-90.48,66.99,93,75,6.93
419,Tarko-Sale,RU,2020-08-25 21:41:20,64.92,77.78,53.01,93,0,6.15
420,Zyryanka,RU,2020-08-25 21:41:20,65.75,150.85,43.97,61,94,8.95
421,Naze,JP,2020-08-25 21:41:20,28.37,129.48,82.4,83,75,12.75
422,Songling,CN,2020-08-25 21:41:21,31.19,120.72,86.0,1,24,12.03
423,Naron,ES,2020-08-25 21:41:21,43.52,-8.15,70.0,94,75,1.12
424,Surt,LY,2020-08-25 21:41:21,31.21,16.59,78.69,77,0,7.87
425,Lukovetskiy,RU,2020-08-25 21:41:21,64.3,41.92,42.8,100,20,4.47
426,Catamarca,AR,2020-08-25 21:41:21,-28.47,-65.79,77.0,38,77,1.99
427,Urcos,PE,2020-08-25 21:41:22,-13.69,-71.62,69.8,14,1,14.99
428,Verkhoyansk,RU,2020-08-25 21:41:22,67.54,133.38,42.93,62,0,2.13
429,Kavaratti,IN,2020-08-25 21:40:51,10.57,72.64,80.92,76,100,11.52
430,Kasangulu,CD,2020-08-25 21:41:22,-4.59,15.17,77.11,67,73,5.97
431,Cuamba,MZ,2020-08-25 21:41:22,-14.8,36.54,72.43,50,62,1.77
432,Bud,US,2020-08-25 21:39:31,39.45,-86.18,91.0,58,1,7.23
433,Brae,GB,2020-08-25 21:41:23,60.4,-1.35,53.6,71,24,19.46
434,Ahipara,NZ,2020-08-25 21:41:23,-35.17,173.17,53.87,73,51,13.8
435,Kalabo,ZM,2020-08-25 21:41:23,-14.97,22.68,65.46,27,1,3.91
436,Puttur,IN,2020-08-25 21:41:23,12.77,75.22,77.0,88,40,0.22
437,Cardston,CA,2020-08-25 21:41:23,49.2,-113.3,80.01,36,40,8.05
438,Cap Malheureux,MU,2020-08-25 21:41:23,-19.98,57.61,71.01,76,19,5.99
439,Chapais,CA,2020-08-25 21:38:16,49.78,-74.85,55.4,66,40,18.34
440,Ostrovnoy,RU,2020-08-25 21:40:58,68.05,39.51,50.77,69,8,11.18
441,Sterling,US,2020-08-25 21:41:24,39.01,-77.43,93.0,55,40,9.17
442,Beringovskiy,RU,2020-08-25 21:39:30,63.05,179.32,51.03,75,92,14.18
443,Hualmay,PE,2020-08-25 21:40:08,-11.1,-77.61,64.76,73,4,11.81
444,Barra Patuca,HN,2020-08-25 21:41:24,15.8,-84.28,85.82,68,4,11.95
445,Eqbaliyeh,IR,2020-08-25 21:41:24,35.3,51.54,66.2,42,3,20.8
446,Montepuez,MZ,2020-08-25 21:41:24,-13.13,39.0,65.7,87,0,4.45
447,Saint George,US,2020-08-25 21:36:58,37.1,-113.58,105.01,16,1,3.36
448,Takoradi,GH,2020-08-25 21:41:24,4.88,-1.76,74.05,89,40,7.76
449,Zheleznodorozhnyy,RU,2020-08-25 21:41:25,55.75,38.0,66.0,93,65,2.24
450,Karakol,KG,2020-08-25 21:41:25,42.49,78.39,59.97,54,100,2.46
451,Nemuro,JP,2020-08-25 21:40:15,43.32,145.57,65.79,93,88,10.45
452,Sandpoint,US,2020-08-25 21:37:29,48.28,-116.55,82.99,26,1,10.29
453,Bartlesville,US,2020-08-25 21:36:42,36.75,-95.98,96.01,39,1,9.17
454,Kenora,CA,2020-08-25 21:41:25,49.82,-94.43,78.8,47,94,2.66
455,Kalanguy,RU,2020-08-25 21:41:25,51.02,116.52,47.79,88,64,2.42
456,Lagoa,PT,2020-08-25 21:41:25,39.05,-27.98,73.98,89,71,15.66
457,Iqaluit,CA,2020-08-25 21:41:26,63.75,-68.51,53.6,58,75,12.75
458,Yenagoa,NG,2020-08-25 21:41:26,4.92,6.26,75.2,85,100,3.56
459,Cernay,FR,2020-08-25 21:41:26,47.81,7.18,73.4,49,73,6.93
460,Tomatlan,MX,2020-08-25 21:41:26,19.93,-105.25,83.89,79,59,4.79
461,Laguna,US,2020-08-25 21:41:17,38.42,-121.42,93.0,29,1,8.05
462,Reyes,BO,2020-08-25 21:41:26,-14.32,-67.38,83.41,54,23,2.86
463,Axim,GH,2020-08-25 21:41:26,4.87,-2.24,74.12,89,21,7.16
464,El Alto,PE,2020-08-25 21:41:27,-4.27,-81.21,65.08,70,1,23.47
465,Kalamare,BW,2020-08-25 21:41:27,-22.93,26.57,60.93,31,0,4.34
466,Meadow Lake,US,2020-08-25 21:37:35,34.8,-106.54,93.99,19,20,5.82
467,Kukushtan,RU,2020-08-25 21:41:27,57.65,56.5,57.2,100,40,6.71
468,Morant Bay,JM,2020-08-25 21:41:27,17.88,-76.41,86.0,79,75,17.22
469,Sabha,LY,2020-08-25 21:41:20,27.04,14.43,79.21,18,0,10.71
470,Paldiski,EE,2020-08-25 21:41:27,59.36,24.05,61.0,82,40,5.82
471,Langarud,IR,2020-08-25 21:41:27,37.2,50.15,66.2,100,6,3.44
472,Kabinda,CD,2020-08-25 21:41:28,-6.13,24.48,74.75,67,37,3.33
473,San Isidro,PE,2020-08-25 21:41:28,-12.12,-77.05,64.4,72,90,12.75
474,Dzerzhinsk,RU,2020-08-25 21:41:28,56.24,43.46,61.0,100,20,2.24
475,Ambon,ID,2020-08-25 21:41:28,-3.7,128.18,78.8,83,75,10.29
476,Champerico,GT,2020-08-25 21:41:28,14.3,-91.92,82.4,88,75,11.41
477,Kampot,KH,2020-08-25 21:41:28,10.62,104.18,82.4,78,20,6.93
478,Palm City,US,2020-08-25 21:41:29,27.17,-80.27,89.6,66,75,13.87
479,Stryn,NO,2020-08-25 21:41:29,61.9,6.72,50.0,81,20,2.24
480,Batagay,RU,2020-08-25 21:41:29,67.63,134.63,40.96,67,0,2.53
481,Lumeje,AO,2020-08-25 21:41:29,-11.55,20.78,66.61,26,0,3.36
482,Hagere Hiywet,ET,2020-08-25 21:41:29,8.98,37.85,57.29,81,97,2.93
483,Felipe Carrillo Puerto,MX,2020-08-25 21:41:29,19.58,-88.05,81.01,89,100,4.36
484,Lata,PT,2020-08-25 21:41:29,40.16,-8.33,69.01,94,20,6.93
485,Waipawa,NZ,2020-08-25 21:41:30,-41.41,175.52,50.0,57,95,20.8
486,Algiers,DZ,2020-08-25 21:37:07,36.75,3.04,75.2,83,0,4.21
487,Magadi,IN,2020-08-25 21:41:30,12.97,77.23,73.4,100,75,6.93
488,Mahon,ES,2020-08-25 21:41:30,39.89,4.27,77.0,78,48,5.82
489,Ferreira Do Alentejo,PT,2020-08-25 21:41:26,38.05,-8.03,80.6,34,0,10.29
490,Banjarmasin,ID,2020-08-25 21:41:30,-3.32,114.59,73.4,94,63,1.12
491,Taywarah,AF,2020-08-25 21:41:30,33.35,64.42,54.19,59,1,4.38
492,Macheng,CN,2020-08-25 21:41:31,31.18,115.03,72.07,91,73,1.83
493,Flin Flon,CA,2020-08-25 21:41:14,54.77,-101.86,55.4,93,90,8.05
494,Hope,US,2020-08-25 21:41:31,33.67,-93.59,93.0,50,86,3.0
495,Yeppoon,AU,2020-08-25 21:41:31,-23.13,150.73,50.0,87,1,3.36
496,Kharan,PK,2020-08-25 21:41:31,28.58,65.42,85.15,58,78,11.88
497,Bengkulu,ID,2020-08-25 21:38:09,-3.8,102.27,77.5,78,98,7.72
498,Kaeo,NZ,2020-08-25 21:41:31,-35.1,173.78,55.0,3,21,13.0
499,Catuday,PH,2020-08-25 21:41:31,16.29,119.81,80.67,85,83,11.41
500,Hofn,IS,2020-08-25 21:41:32,64.25,-15.21,50.54,84,17,3.38
501,Manzhouli,CN,2020-08-25 21:41:32,49.6,117.43,52.83,82,77,2.26
502,San Lorenzo,PY,2020-08-25 21:38:34,-25.33,-57.53,89.6,33,0,13.87
503,Charters Towers,AU,2020-08-25 21:41:32,-20.1,146.27,60.93,64,42,8.88
504,Bonthe,SL,2020-08-25 21:41:32,7.53,-12.51,76.55,86,100,8.68
505,Jiayuguan,CN,2020-08-25 21:41:32,39.82,98.3,68.58,24,0,2.33
506,Mudgee,AU,2020-08-25 21:41:33,-32.59,149.59,30.99,100,0,2.53
507,Pietarsaari,FI,2020-08-25 21:41:33,63.65,22.68,53.01,100,10,6.93
508,Mansa,IN,2020-08-25 21:41:33,29.98,75.38,81.34,79,32,5.53
509,Ardesen,TR,2020-08-25 21:41:33,41.19,40.99,68.0,94,40,9.17
510,Poum,NC,2020-08-25 21:38:09,-20.23,164.02,70.52,78,59,12.77
511,Nha Trang,VN,2020-08-25 21:37:33,12.25,109.18,84.2,83,40,1.12
512,Itoman,JP,2020-08-25 21:41:34,26.12,127.67,80.6,94,75,10.29
513,Arman,RU,2020-08-25 21:41:34,59.7,150.17,51.57,54,100,5.99
514,Tulsipur,NP,2020-08-25 21:41:34,28.13,82.3,74.62,84,61,2.33
515,Coolum Beach,AU,2020-08-25 21:41:34,-26.53,153.1,52.0,79,0,6.71
516,Teahupoo,PF,2020-08-25 21:41:34,-17.83,-149.27,82.4,65,75,2.24
517,Shimanovsk,RU,2020-08-25 21:41:34,52.0,127.7,56.14,96,89,7.14
518,Hamada,JP,2020-08-25 21:41:35,34.88,132.08,78.87,82,2,5.03
519,Balabac,PH,2020-08-25 21:41:35,7.99,117.06,82.15,82,28,10.27
520,Nanding,CN,2020-08-25 21:41:35,36.75,118.06,73.51,80,100,5.21
521,Kiunga,PG,2020-08-25 21:41:35,-6.12,141.29,72.34,97,98,2.51
522,Livani,LV,2020-08-25 21:41:35,56.35,26.18,53.04,98,50,6.2
523,Port Hedland,AU,2020-08-25 21:40:39,-20.32,118.57,62.6,100,90,4.7
524,Villazon,BO,2020-08-25 21:41:36,-22.09,-65.59,58.24,32,38,18.25
525,Vanimo,PG,2020-08-25 21:41:36,-2.67,141.3,79.39,81,22,6.17
526,Lakes Entrance,AU,2020-08-25 21:41:36,-37.88,147.98,44.01,90,3,8.14
527,Menongue,AO,2020-08-25 21:41:28,-14.66,17.69,63.77,33,66,0.98
528,Port Lincoln,AU,2020-08-25 21:41:36,-34.73,135.87,52.68,63,51,9.44
529,Quixada,BR,2020-08-25 21:41:37,-4.97,-39.02,82.09,32,0,4.45
530,Sembe,CG,2020-08-25 21:41:37,1.65,14.58,70.45,93,82,1.48
531,Walvis Bay,NA,2020-08-25 21:41:37,-22.96,14.51,55.99,76,0,5.82
532,Sokolo,ML,2020-08-25 21:41:37,14.73,-6.12,75.99,88,99,9.86
533,Along,IN,2020-08-25 21:41:37,28.17,94.77,73.38,87,23,1.16
534,Shakawe,BW,2020-08-25 21:41:37,-18.37,21.85,63.84,28,0,3.87
535,Codrington,AU,2020-08-25 21:39:52,-38.27,141.97,39.42,90,8,8.86
536,Totness,SR,2020-08-25 21:41:38,5.88,-56.32,80.38,81,98,10.8
537,Hopelchen,MX,2020-08-25 21:41:38,19.77,-89.85,87.8,70,75,11.41
538,Saryagash,KZ,2020-08-25 21:41:38,41.45,69.17,75.2,47,40,6.93
539,Dharchula,IN,2020-08-25 21:41:38,29.85,80.53,68.45,76,91,0.94
540,Soligalich,RU,2020-08-25 21:41:39,59.08,42.29,54.72,95,52,3.06
541,Vila Velha,BR,2020-08-25 21:37:47,-20.33,-40.29,73.0,60,2,17.22
542,Parnamirim,BR,2020-08-25 21:41:39,-5.92,-35.26,78.8,78,0,16.11
543,Kisangani,CD,2020-08-25 21:41:39,0.52,25.2,72.55,81,6,1.9
544,Flinders,AU,2020-08-25 21:41:39,-34.58,150.86,48.99,85,0,1.99
545,Illapel,CL,2020-08-25 21:41:39,-31.63,-71.17,51.85,69,89,1.88
546,Pokhara,NP,2020-08-25 21:41:40,28.23,83.98,72.91,80,93,0.83
547,Grand Gaube,MU,2020-08-25 21:41:40,-20.01,57.66,71.01,76,20,5.99
548,Comodoro Rivadavia,AR,2020-08-25 21:41:40,-45.87,-67.5,44.6,75,75,9.17
549,Renfrew,GB,2020-08-25 21:40:18,55.87,-4.39,59.0,82,100,21.92
550,Bulgan,MN,2020-08-25 21:41:40,48.81,103.53,49.95,84,63,1.19
551,Chintamani,IN,2020-08-25 21:41:40,13.4,78.07,73.4,100,75,6.93
552,Deltona,US,2020-08-25 21:41:40,28.9,-81.26,91.0,66,75,14.99
553,Kribi,CM,2020-08-25 21:41:41,2.95,9.92,76.37,87,100,5.64
554,Melenki,RU,2020-08-25 21:41:41,55.33,41.63,61.09,87,93,3.56
555,Dzilam Gonzalez,MX,2020-08-25 21:41:41,21.28,-88.93,80.98,89,100,0.43
556,Betsiamites,CA,2020-08-25 21:41:41,48.94,-68.65,71.6,68,90,5.82
557,Egvekinot,RU,2020-08-25 21:41:41,66.32,-179.17,49.64,72,100,5.93
558,Ketchikan,US,2020-08-25 21:41:41,55.34,-131.65,55.4,100,90,9.17
